<?xml version="1.0" ?>
<til name="ground32.til" count="432">
<sprite index="0" name="0.png"/>
<sprite index="1" name="1.png"/>
<sprite index="2" name="2.png"/>
<sprite index="3" name="3.png"/>
<sprite index="4" name="4.png"/>
<sprite index="5" name="5.png"/>
<sprite index="6" name="6.png"/>
<sprite index="7" name="7.png"/>
<sprite index="8" name="8.png"/>
<sprite index="9" name="9.png"/>
<sprite index="10" name="10.png"/>
<sprite index="11" name="11.png"/>
<sprite index="12" name="12.png"/>
<sprite index="13" name="13.png"/>
<sprite index="14" name="14.png"/>
<sprite index="15" name="15.png"/>
<sprite index="16" name="16.png"/>
<sprite index="17" name="17.png"/>
<sprite index="18" name="18.png"/>
<sprite index="19" name="19.png"/>
<sprite index="20" name="20.png"/>
<sprite index="21" name="21.png"/>
<sprite index="22" name="22.png"/>
<sprite index="23" name="23.png"/>
<sprite index="24" name="24.png"/>
<sprite index="25" name="25.png"/>
<sprite index="26" name="26.png"/>
<sprite index="27" name="27.png"/>
<sprite index="28" name="28.png"/>
<sprite index="29" name="29.png"/>
<sprite index="30" name="30.png"/>
<sprite index="31" name="31.png"/>
<sprite index="32" name="32.png"/>
<sprite index="33" name="33.png"/>
<sprite index="34" name="34.png"/>
<sprite index="35" name="35.png"/>
<sprite index="36" name="36.png"/>
<sprite index="37" name="37.png"/>
<sprite index="38" name="38.png"/>
<sprite index="39" name="39.png"/>
<sprite index="40" name="40.png"/>
<sprite index="41" name="41.png"/>
<sprite index="42" name="42.png"/>
<sprite index="43" name="43.png"/>
<sprite index="44" name="44.png"/>
<sprite index="45" name="45.png"/>
<sprite index="46" name="46.png"/>
<sprite index="47" name="47.png"/>
<sprite index="48" name="48.png"/>
<sprite index="49" name="49.png"/>
<sprite index="50" name="50.png"/>
<sprite index="51" name="51.png"/>
<sprite index="52" name="52.png"/>
<sprite index="53" name="53.png"/>
<sprite index="54" name="54.png"/>
<sprite index="55" name="55.png"/>
<sprite index="56" name="56.png"/>
<sprite index="57" name="57.png"/>
<sprite index="58" name="58.png"/>
<sprite index="59" name="59.png"/>
<sprite index="60" name="60.png"/>
<sprite index="61" name="61.png"/>
<sprite index="62" name="62.png"/>
<sprite index="63" name="63.png"/>
<sprite index="64" name="64.png"/>
<sprite index="65" name="65.png"/>
<sprite index="66" name="66.png"/>
<sprite index="67" name="67.png"/>
<sprite index="68" name="68.png"/>
<sprite index="69" name="69.png"/>
<sprite index="70" name="70.png"/>
<sprite index="71" name="71.png"/>
<sprite index="72" name="72.png"/>
<sprite index="73" name="73.png"/>
<sprite index="74" name="74.png"/>
<sprite index="75" name="75.png"/>
<sprite index="76" name="76.png"/>
<sprite index="77" name="77.png"/>
<sprite index="78" name="78.png"/>
<sprite index="79" name="79.png"/>
<sprite index="80" name="80.png"/>
<sprite index="81" name="81.png"/>
<sprite index="82" name="82.png"/>
<sprite index="83" name="83.png"/>
<sprite index="84" name="84.png"/>
<sprite index="85" name="85.png"/>
<sprite index="86" name="86.png"/>
<sprite index="87" name="87.png"/>
<sprite index="88" name="88.png"/>
<sprite index="89" name="89.png"/>
<sprite index="90" name="90.png"/>
<sprite index="91" name="91.png"/>
<sprite index="92" name="92.png"/>
<sprite index="93" name="93.png"/>
<sprite index="94" name="94.png"/>
<sprite index="95" name="95.png"/>
<sprite index="96" name="96.png"/>
<sprite index="97" name="97.png"/>
<sprite index="98" name="98.png"/>
<sprite index="99" name="99.png"/>
<sprite index="100" name="100.png"/>
<sprite index="101" name="101.png"/>
<sprite index="102" name="102.png"/>
<sprite index="103" name="103.png"/>
<sprite index="104" name="104.png"/>
<sprite index="105" name="105.png"/>
<sprite index="106" name="106.png"/>
<sprite index="107" name="107.png"/>
<sprite index="108" name="108.png"/>
<sprite index="109" name="109.png"/>
<sprite index="110" name="110.png"/>
<sprite index="111" name="111.png"/>
<sprite index="112" name="112.png"/>
<sprite index="113" name="113.png"/>
<sprite index="114" name="114.png"/>
<sprite index="115" name="115.png"/>
<sprite index="116" name="116.png"/>
<sprite index="117" name="117.png"/>
<sprite index="118" name="118.png"/>
<sprite index="119" name="119.png"/>
<sprite index="120" name="120.png"/>
<sprite index="121" name="121.png"/>
<sprite index="122" name="122.png"/>
<sprite index="123" name="123.png"/>
<sprite index="124" name="124.png"/>
<sprite index="125" name="125.png"/>
<sprite index="126" name="126.png"/>
<sprite index="127" name="127.png"/>
<sprite index="128" name="128.png"/>
<sprite index="129" name="129.png"/>
<sprite index="130" name="130.png"/>
<sprite index="131" name="131.png"/>
<sprite index="132" name="132.png"/>
<sprite index="133" name="133.png"/>
<sprite index="134" name="134.png"/>
<sprite index="135" name="135.png"/>
<sprite index="136" name="136.png"/>
<sprite index="137" name="137.png"/>
<sprite index="138" name="138.png"/>
<sprite index="139" name="139.png"/>
<sprite index="140" name="140.png"/>
<sprite index="141" name="141.png"/>
<sprite index="142" name="142.png"/>
<sprite index="143" name="143.png"/>
<sprite index="144" name="144.png"/>
<sprite index="145" name="145.png"/>
<sprite index="146" name="146.png"/>
<sprite index="147" name="147.png"/>
<sprite index="148" name="148.png"/>
<sprite index="149" name="149.png"/>
<sprite index="150" name="150.png"/>
<sprite index="151" name="151.png"/>
<sprite index="152" name="152.png"/>
<sprite index="153" name="153.png"/>
<sprite index="154" name="154.png"/>
<sprite index="155" name="155.png"/>
<sprite index="156" name="156.png"/>
<sprite index="157" name="157.png"/>
<sprite index="158" name="158.png"/>
<sprite index="159" name="159.png"/>
<sprite index="160" name="160.png"/>
<sprite index="161" name="161.png"/>
<sprite index="162" name="162.png"/>
<sprite index="163" name="163.png"/>
<sprite index="164" name="164.png"/>
<sprite index="165" name="165.png"/>
<sprite index="166" name="166.png"/>
<sprite index="167" name="167.png"/>
<sprite index="168" name="168.png"/>
<sprite index="169" name="169.png"/>
<sprite index="170" name="170.png"/>
<sprite index="171" name="171.png"/>
<sprite index="172" name="172.png"/>
<sprite index="173" name="173.png"/>
<sprite index="174" name="174.png"/>
<sprite index="175" name="175.png"/>
<sprite index="176" name="176.png"/>
<sprite index="177" name="177.png"/>
<sprite index="178" name="178.png"/>
<sprite index="179" name="179.png"/>
<sprite index="180" name="180.png"/>
<sprite index="181" name="181.png"/>
<sprite index="182" name="182.png"/>
<sprite index="183" name="183.png"/>
<sprite index="184" name="184.png"/>
<sprite index="185" name="185.png"/>
<sprite index="186" name="186.png"/>
<sprite index="187" name="187.png"/>
<sprite index="188" name="188.png"/>
<sprite index="189" name="189.png"/>
<sprite index="190" name="190.png"/>
<sprite index="191" name="191.png"/>
<sprite index="192" name="192.png"/>
<sprite index="193" name="193.png"/>
<sprite index="194" name="194.png"/>
<sprite index="195" name="195.png"/>
<sprite index="196" name="196.png"/>
<sprite index="197" name="197.png"/>
<sprite index="198" name="198.png"/>
<sprite index="199" name="199.png"/>
<sprite index="200" name="200.png"/>
<sprite index="201" name="201.png"/>
<sprite index="202" name="202.png"/>
<sprite index="203" name="203.png"/>
<sprite index="204" name="204.png"/>
<sprite index="205" name="205.png"/>
<sprite index="206" name="206.png"/>
<sprite index="207" name="207.png"/>
<sprite index="208" name="208.png"/>
<sprite index="209" name="209.png"/>
<sprite index="210" name="210.png"/>
<sprite index="211" name="211.png"/>
<sprite index="212" name="212.png"/>
<sprite index="213" name="213.png"/>
<sprite index="214" name="214.png"/>
<sprite index="215" name="215.png"/>
<sprite index="216" name="216.png"/>
<sprite index="217" name="217.png"/>
<sprite index="218" name="218.png"/>
<sprite index="219" name="219.png"/>
<sprite index="220" name="220.png"/>
<sprite index="221" name="221.png"/>
<sprite index="222" name="222.png"/>
<sprite index="223" name="223.png"/>
<sprite index="224" name="224.png"/>
<sprite index="225" name="225.png"/>
<sprite index="226" name="226.png"/>
<sprite index="227" name="227.png"/>
<sprite index="228" name="228.png"/>
<sprite index="229" name="229.png"/>
<sprite index="230" name="230.png"/>
<sprite index="231" name="231.png"/>
<sprite index="232" name="232.png"/>
<sprite index="233" name="233.png"/>
<sprite index="234" name="234.png"/>
<sprite index="235" name="235.png"/>
<sprite index="236" name="236.png"/>
<sprite index="237" name="237.png"/>
<sprite index="238" name="238.png"/>
<sprite index="239" name="239.png"/>
<sprite index="240" name="240.png"/>
<sprite index="241" name="241.png"/>
<sprite index="242" name="242.png"/>
<sprite index="243" name="243.png"/>
<sprite index="244" name="244.png"/>
<sprite index="245" name="245.png"/>
<sprite index="246" name="246.png"/>
<sprite index="247" name="247.png"/>
<sprite index="248" name="248.png"/>
<sprite index="249" name="249.png"/>
<sprite index="250" name="250.png"/>
<sprite index="251" name="251.png"/>
<sprite index="252" name="252.png"/>
<sprite index="253" name="253.png"/>
<sprite index="254" name="254.png"/>
<sprite index="255" name="255.png"/>
<sprite index="256" name="256.png"/>
<sprite index="257" name="257.png"/>
<sprite index="258" name="258.png"/>
<sprite index="259" name="259.png"/>
<sprite index="260" name="260.png"/>
<sprite index="261" name="261.png"/>
<sprite index="262" name="262.png"/>
<sprite index="263" name="263.png"/>
<sprite index="264" name="264.png"/>
<sprite index="265" name="265.png"/>
<sprite index="266" name="266.png"/>
<sprite index="267" name="267.png"/>
<sprite index="268" name="268.png"/>
<sprite index="269" name="269.png"/>
<sprite index="270" name="270.png"/>
<sprite index="271" name="271.png"/>
<sprite index="272" name="272.png"/>
<sprite index="273" name="273.png"/>
<sprite index="274" name="274.png"/>
<sprite index="275" name="275.png"/>
<sprite index="276" name="276.png"/>
<sprite index="277" name="277.png"/>
<sprite index="278" name="278.png"/>
<sprite index="279" name="279.png"/>
<sprite index="280" name="280.png"/>
<sprite index="281" name="281.png"/>
<sprite index="282" name="282.png"/>
<sprite index="283" name="283.png"/>
<sprite index="284" name="284.png"/>
<sprite index="285" name="285.png"/>
<sprite index="286" name="286.png"/>
<sprite index="287" name="287.png"/>
<sprite index="288" name="288.png"/>
<sprite index="289" name="289.png"/>
<sprite index="290" name="290.png"/>
<sprite index="291" name="291.png"/>
<sprite index="292" name="292.png"/>
<sprite index="293" name="293.png"/>
<sprite index="294" name="294.png"/>
<sprite index="295" name="295.png"/>
<sprite index="296" name="296.png"/>
<sprite index="297" name="297.png"/>
<sprite index="298" name="298.png"/>
<sprite index="299" name="299.png"/>
<sprite index="300" name="300.png"/>
<sprite index="301" name="301.png"/>
<sprite index="302" name="302.png"/>
<sprite index="303" name="303.png"/>
<sprite index="304" name="304.png"/>
<sprite index="305" name="305.png"/>
<sprite index="306" name="306.png"/>
<sprite index="307" name="307.png"/>
<sprite index="308" name="308.png"/>
<sprite index="309" name="309.png"/>
<sprite index="310" name="310.png"/>
<sprite index="311" name="311.png"/>
<sprite index="312" name="312.png"/>
<sprite index="313" name="313.png"/>
<sprite index="314" name="314.png"/>
<sprite index="315" name="315.png"/>
<sprite index="316" name="316.png"/>
<sprite index="317" name="317.png"/>
<sprite index="318" name="318.png"/>
<sprite index="319" name="319.png"/>
<sprite index="320" name="320.png"/>
<sprite index="321" name="321.png"/>
<sprite index="322" name="322.png"/>
<sprite index="323" name="323.png"/>
<sprite index="324" name="324.png"/>
<sprite index="325" name="325.png"/>
<sprite index="326" name="326.png"/>
<sprite index="327" name="327.png"/>
<sprite index="328" name="328.png"/>
<sprite index="329" name="329.png"/>
<sprite index="330" name="330.png"/>
<sprite index="331" name="331.png"/>
<sprite index="332" name="332.png"/>
<sprite index="333" name="333.png"/>
<sprite index="334" name="334.png"/>
<sprite index="335" name="335.png"/>
<sprite index="336" name="336.png"/>
<sprite index="337" name="337.png"/>
<sprite index="338" name="338.png"/>
<sprite index="339" name="339.png"/>
<sprite index="340" name="340.png"/>
<sprite index="341" name="341.png"/>
<sprite index="342" name="342.png"/>
<sprite index="343" name="343.png"/>
<sprite index="344" name="344.png"/>
<sprite index="345" name="345.png"/>
<sprite index="346" name="346.png"/>
<sprite index="347" name="347.png"/>
<sprite index="348" name="348.png"/>
<sprite index="349" name="349.png"/>
<sprite index="350" name="350.png"/>
<sprite index="351" name="351.png"/>
<sprite index="352" name="352.png"/>
<sprite index="353" name="353.png"/>
<sprite index="354" name="354.png"/>
<sprite index="355" name="355.png"/>
<sprite index="356" name="356.png"/>
<sprite index="357" name="357.png"/>
<sprite index="358" name="358.png"/>
<sprite index="359" name="359.png"/>
<sprite index="360" name="360.png"/>
<sprite index="361" name="361.png"/>
<sprite index="362" name="362.png"/>
<sprite index="363" name="363.png"/>
<sprite index="364" name="364.png"/>
<sprite index="365" name="365.png"/>
<sprite index="366" name="366.png"/>
<sprite index="367" name="367.png"/>
<sprite index="368" name="368.png"/>
<sprite index="369" name="369.png"/>
<sprite index="370" name="370.png"/>
<sprite index="371" name="371.png"/>
<sprite index="372" name="372.png"/>
<sprite index="373" name="373.png"/>
<sprite index="374" name="374.png"/>
<sprite index="375" name="375.png"/>
<sprite index="376" name="376.png"/>
<sprite index="377" name="377.png"/>
<sprite index="378" name="378.png"/>
<sprite index="379" name="379.png"/>
<sprite index="380" name="380.png"/>
<sprite index="381" name="381.png"/>
<sprite index="382" name="382.png"/>
<sprite index="383" name="383.png"/>
<sprite index="384" name="384.png"/>
<sprite index="385" name="385.png"/>
<sprite index="386" name="386.png"/>
<sprite index="387" name="387.png"/>
<sprite index="388" name="388.png"/>
<sprite index="389" name="389.png"/>
<sprite index="390" name="390.png"/>
<sprite index="391" name="391.png"/>
<sprite index="392" name="392.png"/>
<sprite index="393" name="393.png"/>
<sprite index="394" name="394.png"/>
<sprite index="395" name="395.png"/>
<sprite index="396" name="396.png"/>
<sprite index="397" name="397.png"/>
<sprite index="398" name="398.png"/>
<sprite index="399" name="399.png"/>
<sprite index="400" name="400.png"/>
<sprite index="401" name="401.png"/>
<sprite index="402" name="402.png"/>
<sprite index="403" name="403.png"/>
<sprite index="404" name="404.png"/>
<sprite index="405" name="405.png"/>
<sprite index="406" name="406.png"/>
<sprite index="407" name="407.png"/>
<sprite index="408" name="408.png"/>
<sprite index="409" name="409.png"/>
<sprite index="410" name="410.png"/>
<sprite index="411" name="411.png"/>
<sprite index="412" name="412.png"/>
<sprite index="413" name="413.png"/>
<sprite index="414" name="414.png"/>
<sprite index="415" name="415.png"/>
<sprite index="416" name="416.png"/>
<sprite index="417" name="417.png"/>
<sprite index="418" name="418.png"/>
<sprite index="419" name="419.png"/>
<sprite index="420" name="420.png"/>
<sprite index="421" name="421.png"/>
<sprite index="422" name="422.png"/>
<sprite index="423" name="423.png"/>
<sprite index="424" name="424.png"/>
<sprite index="425" name="425.png"/>
<sprite index="426" name="426.png"/>
<sprite index="427" name="427.png"/>
<sprite index="428" name="428.png"/>
<sprite index="429" name="429.png"/>
<sprite index="430" name="430.png"/>
<sprite index="431" name="431.png"/>
</til>
